antecedents,consequents,antecedent support,consequent support,support,confidence,lift,representativity,leverage,conviction,zhangs_metric,jaccard,certainty,kulczynski
SOPORTE T-LIGHT DE CORAZÓN COLGANTE BLANCO,SOPORTE T-LIGHT DE CORAZÓN COLGANTE ROJO,0.13297289398699497,0.0428630574024013,0.030198972260782737,0.22710622710622708,5.298414085914086,1.0,0.02449934747285475,1.2383809731239073,0.9356850251578653,0.20735785953177255,0.1924940533627335,0.46582584082584083
MARCO DE MADERA ACABADO BLANCO,MARCO DE MADERA BLANCO ANTIGUO,0.0488541438347824,0.05014490635883198,0.02713036701492901,0.555333998005982,11.074584406082383,1.0,0.024680580547092937,2.1361091007221784,0.9564286612329388,0.37749915282954927,0.531859117279207,0.5481866687455845
BOLSA DE ALMACENAMIENTO JUMBO SUKI,BOLSO JUMBO ROJO RETROSPOT,0.056744843038406274,0.07971067436253379,0.026691994836949905,0.47038626609442064,5.901170324504432,1.0,0.02216882513176241,1.7376613685051028,0.8805062788497944,0.24317727978699805,0.42451387932949625,0.40262362495066284
CAJA DE BARATIJAS DE CERÁMICA SWEETHEART,CAJA DE BARATIJAS DE CERÁMICA DE FRESA,0.036092642653612915,0.05625776284065171,0.02562041840188987,0.7098515519568152,12.617841807315493,1.0,0.023589927071190526,3.2526185941166377,0.9552236913284179,0.3839416058394161,0.6925554069546279,0.5826314036840353
TAZA DE TÉ Y PLATILLO VERDE REGENCY,TAZA DE TÉ Y PLATILLO ROSES REGENCY,0.032707435279218725,0.03436350795158423,0.024938506125033486,0.7624720774385704,22.188423792845597,1.0,0.023814563912740127,4.0653599022602585,0.9872209182156074,0.591907514450867,0.7540193183279984,0.7440992562954722
