antecedents,consequents,antecedent support,consequent support,support,confidence,lift,leverage,conviction
SOPORTE T-LIGHT DE CORAZÓN COLGANTE ROJO,SOPORTE T-LIGHT DE CORAZÓN COLGANTE BLANCO,0.0428630574024013,0.13297289398699497,0.030198972260782737,0.7045454545454546,5.298414085914086,0.02449934747285475,2.9345532818901714
MARCO DE MADERA BLANCO ANTIGUO,MARCO DE MADERA ACABADO BLANCO,0.05014490635883198,0.0488541438347824,0.02713036701492901,0.541039339485187,11.074584406082383,0.024680580547092937,2.072390812533527
BOLSA DE ALMACENAMIENTO JUMBO SUKI,BOLSO JUMBO ROJO RETROSPOT,0.056744843038406274,0.07971067436253379,0.026691994836949905,0.47038626609442064,5.901170324504432,0.02216882513176241,1.7376613685051028
CAJA DE BARATIJAS DE CERÁMICA SWEETHEART,CAJA DE BARATIJAS DE CERÁMICA DE FRESA,0.036092642653612915,0.05625776284065171,0.02562041840188987,0.7098515519568152,12.617841807315493,0.023589927071190526,3.2526185941166377
TAZA DE TÉ Y PLATILLO ROSES REGENCY,TAZA DE TÉ Y PLATILLO VERDE REGENCY,0.03436350795158423,0.032707435279218725,0.024938506125033486,0.7257264351523741,22.188423792845594,0.023814563912740127,3.5267436920439845
