antecedents,consequents,support,confidence,lift,Score
TAZA DE TÉ Y PLATILLO VERDE REGENCY,TAZA DE TÉ Y PLATILLO ROSES REGENCY,0.024938506125033486,0.7624720774385704,22.188423792845597,1
TAZA DE TÉ Y PLATILLO ROSA REGENCY,TAZA DE TÉ Y PLATILLO VERDE REGENCY,0.020822678454007454,0.8341463414634146,25.503263534496845,3
TAZA DE TÉ Y PLATILLO ROSA REGENCY,TAZA DE TÉ Y PLATILLO ROSES REGENCY,0.019604977959621052,0.7853658536585365,22.854647283538743,5
DESPERTADOR BAKELIKE ROJO,DESPERTADOR BAKELIKE VERDE,0.02035995226614062,0.6133528980190757,19.783883225107044,7
SET/6 VASOS DE PAPEL ROJOS CON MANCHAS,JUEGO/6 PLATOS DE PAPEL ROJOS MANCHADOS,0.01585446043691094,0.7722419928825623,32.22462242860863,9
