antecedents,consequents,support,confidence,lift,Score
TAZA DE TÉ Y PLATILLO VERDE REGENCY,TAZA DE TÉ Y PLATILLO ROSES REGENCY,0.024938506125033486,0.7624720774385704,22.188423792845597,1
TAZA DE TÉ Y PLATILLO ROSA REGENCY,TAZA DE TÉ Y PLATILLO VERDE REGENCY,0.020822678454007454,0.8341463414634146,25.503263534496845,3
TAZA DE TÉ Y PLATILLO ROSA REGENCY,TAZA DE TÉ Y PLATILLO ROSES REGENCY,0.019604977959621052,0.7853658536585365,22.854647283538743,5
DESPERTADOR BAKELIKE ROJO,DESPERTADOR BAKELIKE VERDE,0.02035995226614062,0.6133528980190757,19.783883225107044,7
LONCHERA DOLLY GIRL,LONCHERA SPACEBOY,0.020189474196926523,0.6214392803598201,18.6527180488703,9
