antecedents,consequents,support,confidence,lift,Score
TAZA DE TÉ Y PLATILLO VERDE REGENCY,TAZA DE TÉ Y PLATILLO ROSES REGENCY,0.024938506125033486,0.7624720774385704,22.188423792845597,1
TAZA DE TÉ Y PLATILLO ROSES REGENCY,TAZA DE TÉ Y PLATILLO VERDE REGENCY,0.024938506125033486,0.7257264351523741,22.188423792845594,2
TAZA DE TÉ Y PLATILLO ROSA REGENCY,TAZA DE TÉ Y PLATILLO VERDE REGENCY,0.020822678454007454,0.8341463414634146,25.503263534496845,3
TAZA DE TÉ Y PLATILLO VERDE REGENCY,TAZA DE TÉ Y PLATILLO ROSA REGENCY,0.020822678454007454,0.6366344005956813,25.50326353449685,4
TAZA DE TÉ Y PLATILLO ROSA REGENCY,TAZA DE TÉ Y PLATILLO ROSES REGENCY,0.019604977959621052,0.7853658536585365,22.854647283538743,5
