antecedents,consequents,antecedent support,consequent support,antecedent confidence,support,confidence_mean,support_ratio_diff
herb marker thyme,herb marker rosemary,0.011641519250780438,0.01177159209157128,0.9441340782122905,0.010991155046826222,0.9441340782122905,0.9441340782122905
herb marker rosemary,herb marker thyme,0.01177159209157128,0.011641519250780438,0.9337016574585636,0.010991155046826222,0.9337016574585636,0.9337016574585636
herb marker parsley,herb marker rosemary,0.011576482830385015,0.01177159209157128,0.9325842696629214,0.010796045785639958,0.9325842696629214,0.9325842696629214
herb marker chives,herb marker parsley,0.01040582726326743,0.011576482830385015,0.93125,0.009690426638917794,0.93125,0.93125
herb marker chives,herb marker thyme,0.01040582726326743,0.011641519250780438,0.93125,0.009690426638917794,0.93125,0.93125
